{
  "Author": "Speakingevil",
  "Compatibility": "Compatible",
  "DefuserDifficulty": "Medium",
  "Description": "Cut wires and/or press buttons according to rules laid out in a Venn diagram.",
  "ExpertDifficulty": "Hard",
  "ModuleID": "buttonplicatedWires",
  "Name": "Buttonplicated Wires",
  "Origin": "Mods",
  "Published": "2023-10-13",
  "SortKey": "BUTTONPLICATEDWIRES",
  "SourceUrl": "https://github.com/Speakingevil/vanilla-swirls",
  "SteamID": "2879942577",
  "Symbol": "Bcw",
  "Type": "Regular"
}