{
  "Author": "Speakingevil",
  "Compatibility": "Compatible",
  "DefuserDifficulty": "Easy",
  "Description": "Decode a path shown as a sequence of long and short flashes and find the only location that path can be traversed.",
  "ExpertDifficulty": "Hard",
  "ModuleID": "mazeCode",
  "Name": "Maze Code",
  "Origin": "Mods",
  "Published": "2023-10-13",
  "SortKey": "MAZECODE",
  "SourceUrl": "https://github.com/Speakingevil/vanilla-swirls",
  "SteamID": "2879942577",
  "Symbol": "Mzc",
  "Type": "Regular"
}