{
  "Author": "Speakingevil",
  "Compatibility": "Compatible",
  "DefuserDifficulty": "Medium",
  "Description": "Cut the correct wire on each panel, then use the cumulative LED occurrences to release the button at a valid time.",
  "ExpertDifficulty": "Medium",
  "ModuleID": "seqButton",
  "Name": "Sequential Button",
  "Origin": "Mods",
  "Published": "2023-10-13",
  "SortKey": "SEQUENTIALBUTTON",
  "SourceUrl": "https://github.com/Speakingevil/vanilla-swirls",
  "SteamID": "2879942577",
  "Symbol": "Seqb",
  "Type": "Regular"
}