{
  "Author": "Speakingevil",
  "Compatibility": "Compatible",
  "DefuserDifficulty": "Medium",
  "Description": "Read the sequences of flashes the frequency and transmission sequence to submit.",
  "ExpertDifficulty": "Medium",
  "ModuleID": "simonStrands",
  "Name": "Simon Strands",
  "Origin": "Mods",
  "Published": "2023-10-13",
  "SortKey": "SIMONSTRANDS",
  "SourceUrl": "https://github.com/Speakingevil/vanilla-swirls",
  "SteamID": "2879942577",
  "Symbol": "Ssr",
  "Type": "Regular"
}