{
  "Author": "Speakingevil",
  "Compatibility": "Compatible",
  "DefuserDifficulty": "Easy",
  "Description": "Five stages of pressing a colour, repeating the sequence of colours, but the colour depends on the previous flashing sequences.",
  "ExpertDifficulty": "Medium",
  "ModuleID": "synapseSays",
  "Name": "Synapse Says",
  "Origin": "Mods",
  "Published": "2023-10-13",
  "SortKey": "SYNAPSESAYS",
  "SourceUrl": "https://github.com/Speakingevil/vanilla-swirls",
  "SteamID": "2879942577",
  "Symbol": "Syns",
  "Type": "Regular"
}