{
  "Author": "Speakingevil",
  "Compatibility": "Compatible",
  "DefuserDifficulty": "Hard",
  "Description": "Navigate out of 7 by 7 square maze, which may be rotated. With each move, the charge of the capacitor must fall into the correct interval.",
  "ExpertDifficulty": "Hard",
  "ModuleID": "dischargeMaze",
  "Name": "Discharge Maze",
  "Origin": "Mods",
  "Published": "2022-10-25",
  "SortKey": "DISCHARGEMAZE",
  "SourceUrl": "https://github.com/Speakingevil/vanilla-swirls",
  "SteamID": "2879942577",
  "Symbol": "Dmz",
  "Type": "Regular"
}