{
  "Author": "Speakingevil",
  "Compatibility": "Compatible",
  "DefuserDifficulty": "VeryEasy",
  "Description": "Five stages of cutting wires, but the answer depends on the previously cut wires or their colours.",
  "ExpertDifficulty": "Medium",
  "ModuleID": "memoryWires",
  "Name": "Memory Wires",
  "Origin": "Mods",
  "Published": "2022-10-25",
  "SortKey": "MEMORYWIRES",
  "SourceUrl": "https://github.com/Speakingevil/vanilla-swirls",
  "SteamID": "2879942577",
  "Symbol": "Memw",
  "Type": "Regular"
}