{
  "Author": "Speakingevil",
  "Compatibility": "Compatible",
  "DefuserDifficulty": "Medium",
  "Description": "Deobfuscate six Morse code transmissions that can be unscrambled into a six-letter word.",
  "ExpertDifficulty": "Medium",
  "ModuleID": "compMorse",
  "Name": "Morse Complication",
  "Origin": "Mods",
  "Published": "2022-10-25",
  "SortKey": "MORSECOMPLICATION",
  "SourceUrl": "https://github.com/Speakingevil/vanilla-swirls",
  "SteamID": "2879942577",
  "Symbol": "Cmc",
  "Type": "Regular"
}