{
  "Author": "Speakingevil",
  "Compatibility": "Compatible",
  "DefuserDifficulty": "Hard",
  "Description": "Spell a word by setting each of five letter slots to the correct position where each slot can only be cycled when unlocked at the right time.",
  "ExpertDifficulty": "Medium",
  "ModuleID": "passwordButtons",
  "Name": "Password Buttons",
  "Origin": "Mods",
  "Published": "2022-10-25",
  "SortKey": "PASSWORDBUTTONS",
  "SourceUrl": "https://github.com/Speakingevil/vanilla-swirls",
  "SteamID": "2879942577",
  "Symbol": "Pwb",
  "Type": "Regular"
}