{
  "Author": "Speakingevil",
  "Compatibility": "Compatible",
  "DefuserDifficulty": "Medium",
  "Description": "Respond to an increasing sequence of flashes by setting the knob to the correct position and inputting a new sequence.",
  "ExpertDifficulty": "Medium",
  "ModuleID": "simonSwivels",
  "Name": "Simon Swivels",
  "Origin": "Mods",
  "Published": "2022-10-25",
  "SortKey": "SIMONSWIVELS",
  "SourceUrl": "https://github.com/Speakingevil/vanilla-swirls",
  "SteamID": "2879942577",
  "Symbol": "Ssw",
  "Type": "Regular"
}